[
  {
    "item-id": 991,
    "item-name": "Gold",
    "item-color": "Yellow",
    "item-description": "Good money",
    "entries": [
      {
        "price": "200",
        "date": 1689206400000
      },
      {
        "price": "400",
        "date": 1689292800000
      },
      {
        "price": "300",
        "date": 1689465600000
      }
    ]
  },
  {
    "item-id": 718,
    "item-name": "sugar",
    "item-color": "white",
    "item-description": "sweet",
    "entries": [
      {
        "price": "400",
        "date": 1689984000000
      },
      {
        "price": "500",
        "date": 1690070400000
      },
      {
        "price": "400",
        "date": 1690156800000
      },
      {
        "price": "700",
        "date": 1690243200000
      }
    ]
  },
  {
    "item-id": 190,
    "item-name": "coffee",
    "item-color": "black",
    "item-description": "nice coffee",
    "entries": [
      {
        "price": "440",
        "date": 1689206400000
      },
      {
        "price": "600",
        "date": 1689552000000
      }
    ]
  },
  {
    "item-id": 75,
    "item-name": "cup",
    "item-color": "100",
    "item-description": "nice ",
    "entries": [
      {
        "price": 100,
        "date": 1690329600000
      },
      {
        "price": "200",
        "date": 1690416000000
      },
      {
        "price": "300",
        "date": 1690502400000
      },
      {
        "price": "150",
        "date": 1690675200000
      },
      {
        "price": "300",
        "date": 1690761600000
      }
    ]
  }
]